"Rank","Tier","WSIT","Overall","Team","Pos","Bye","Best","Worst","Avg","Std Dev","ADP","vs. ADP"
"1","undefined","","Ezekiel Elliott","DAL","RB1","8","1","3","2.0","1.0","4.0","+3.0"
"2","undefined","","Christian McCaffrey","CAR","RB2","7","1","3","2.0","0.7","2.0","0.0"
"3","undefined","","Saquon Barkley","NYG","RB3","11","1","3","2.0","0.7","1.0","-2.0"
"4","undefined","","Dalvin Cook","MIN","RB4","12","4","5","4.5","0.5","17.0","+13.0"
"5","undefined","","Alvin Kamara","NO","RB5","9","4","5","4.5","0.5","3.0","-2.0"
"6","undefined","","DeAndre Hopkins","HOU","WR1","10","6","8","6.8","0.8","5.0","-1.0"
"7","undefined","","Julio Jones","ATL","WR2","9","6","11","8.0","1.9","11.0","+4.0"
"8","undefined","","Nick Chubb","CLE","RB6","7","7","11","8.8","1.5","18.0","+10.0"
"9","undefined","","Davante Adams","GB","WR3","11","6","12","9.3","2.4","7.0","-2.0"
"10","undefined","","David Johnson","ARI","RB7","12","7","11","9.5","1.5","6.0","-4.0"
"11","undefined","","Le'Veon Bell","NYJ","RB8","4","9","15","10.8","2.5","8.0","-3.0"
"12","undefined","","Odell Beckham Jr.","CLE","WR4","7","9","12","10.8","1.3","12.0","0.0"
"13","undefined","","Travis Kelce","KC","TE1","12","13","15","13.8","0.8","15.0","+2.0"
"14","undefined","","Keenan Allen","LAC","WR5","12","12","20","15.3","2.9","24.0","+10.0"
"15","undefined","","Michael Thomas","NO","WR6","9","13","18","15.5","1.8","10.0","-5.0"
"16","undefined","","Aaron Jones","GB","RB9","11","14","26","18.0","4.7","32.0","+16.0"
"17","undefined","","Chris Carson","SEA","RB10","11","13","21","18.3","3.1","38.0","+21.0"
"18","undefined","","George Kittle","SF","TE2","4","18","25","20.5","2.9","27.0","+9.0"
"19","undefined","","Amari Cooper","DAL","WR7","8","17","35","22.5","7.3","33.0","+14.0"
"20","undefined","","James Conner","PIT","RB11","7","17","39","23.0","9.3","9.0","-11.0"
"21","undefined","","Mike Evans","TB","WR8","7","22","24","23.3","0.8","22.0","+1.0"
"22","undefined","","Todd Gurley","LAR","RB12","9","19","29","24.8","3.8","13.0","-9.0"
"23","undefined","","Leonard Fournette","JAC","RB13","10","14","40","25.0","9.5","25.0","+2.0"
"24","undefined","","JuJu Smith-Schuster","PIT","WR9","7","20","33","25.3","4.8","14.0","-10.0"
"25","undefined","","Antonio Brown","NE","WR10","10","16","45","25.5","11.5","21.0","-4.0"
"26","undefined","","Adam Thielen","MIN","WR11","12","17","32","26.8","6.1","23.0","-3.0"
"27","undefined","","Zach Ertz","PHI","TE3","10","22","35","28.8","4.7","26.0","-1.0"
"28","undefined","","Marlon Mack","IND","RB14","6","23","36","28.8","4.9","39.0","+11.0"
"29","undefined","","Joe Mixon","CIN","RB15","9","22","42","29.5","7.6","19.0","-10.0"
"30","undefined","","Chris Godwin","TB","WR12","7","27","32","30.0","1.9","49.0","+19.0"
"31","undefined","","Derrick Henry","TEN","RB16","11","23","37","31.0","5.8","36.0","+5.0"
"32","undefined","","Robert Woods","LAR","WR13","9","31","34","32.3","1.3","41.0","+9.0"
"33","undefined","","Patrick Mahomes","KC","QB1","12","21","40","32.8","7.1","20.0","-13.0"
"34","undefined","","Brandin Cooks","LAR","WR14","9","27","42","33.5","5.4","37.0","+3.0"
"35","undefined","","Cooper Kupp","LAR","WR15","9","29","48","37.0","7.0","50.0","+15.0"
"36","undefined","","Austin Ekeler","LAC","RB17","12","26","57","37.8","11.9","64.0","+28.0"
"37","undefined","","Josh Jacobs","OAK","RB18","6","27","50","39.0","9.4","34.0","-3.0"
"38","undefined","","Sony Michel","NE","RB19","10","31","49","40.0","6.7","46.0","+8.0"
"39","undefined","","Stefon Diggs","MIN","WR16","12","24","62","40.3","15.0","31.0","-8.0"
"40","undefined","","T.Y. Hilton","IND","WR17","6","28","49","40.5","8.3","43.0","+3.0"
"41","undefined","","Sammy Watkins","KC","WR18","12","35","65","44.3","12.1","78.0","+37.0"
"42","undefined","","Tyler Lockett","SEA","WR19","11","41","48","44.5","3.0","48.0","+6.0"
"43","undefined","","Kenny Golladay","DET","WR20","5","35","52","44.8","6.5","47.0","+4.0"
"44","undefined","","Kerryon Johnson","DET","RB20","5","37","66","45.0","12.1","28.0","-16.0"
"45","undefined","","Allen Robinson","CHI","WR21","6","42","50","45.0","3.1","70.0","+25.0"
"46","undefined","","Mark Ingram","BAL","RB21","8","43","55","46.5","4.9","45.0","-1.0"
"47","undefined","","Tyler Boyd","CIN","WR22","9","28","67","47.3","13.8","53.0","+6.0"
"48","undefined","","Deshaun Watson","HOU","QB2","10","41","53","48.0","4.4","44.0","-4.0"
"49","undefined","","Calvin Ridley","ATL","WR23","9","45","55","50.0","3.6","54.0","+5.0"
"50","undefined","","David Montgomery","CHI","RB22","6","47","57","51.8","3.6","42.0","-8.0"
"51","undefined","","Tyreek Hill","KC ","WR24","12","34","65","52.3","13.0","16.0","-35.0"
"52","undefined","","Devonta Freeman","ATL","RB23","9","44","71","52.3","11.1","30.0","-22.0"
"53","undefined","","Evan Engram","NYG","TE4","11","45","61","53.0","5.7","57.0","+4.0"
"54","undefined","","D.J. Moore","CAR","WR25","7","39","65","53.3","9.4","59.0","+5.0"
"55","undefined","","Damien Williams","KC","RB24","12","41","85","57.0","16.7","29.0","-26.0"
"56","undefined","","Julian Edelman","NE","WR26","10","54","61","57.5","3.0","35.0","-21.0"
"57","undefined","","Mark Andrews","BAL","TE5","8","53","63","58.0","4.5","153.0","+96.0"
"58","undefined","","James White","NE","RB25","10","57","60","58.5","1.1","51.0","-7.0"
"59","undefined","","Matt Breida","SF","RB26","4","40","80","61.0","14.8","99.0","+40.0"
"60","undefined","","Larry Fitzgerald","ARI","WR27","12","40","83","62.5","15.2","102.0","+42.0"
"61","undefined","","Lamar Jackson","BAL","QB3","8","61","70","65.0","3.7","118.0","+57.0"
"62","undefined","","Alshon Jeffery","PHI","WR28","10","62","71","66.0","3.7","62.0","0.0"
"63","undefined","","Josh Gordon","NE","WR29","10","58","70","66.8","5.1","65.0","+2.0"
"64","undefined","","Mike Williams","LAC","WR30","12","41","83","67.0","16.4","58.0","-6.0"
"65","undefined","","A.J. Green","CIN","WR31","9","36","102","68.5","24.8","69.0","+4.0"
"66","undefined","","Carlos Hyde","HOU","RB27","10","59","76","69.8","6.4","167.0","+101.0"
"67","undefined","","Emmanuel Sanders","DEN","WR32","10","64","76","70.8","4.7","87.0","+20.0"
"68","undefined","","Tyrell Williams","OAK","WR33","6","58","86","71.5","10.0","135.0","+67.0"
"69","undefined","","Darren Waller","OAK","TE6","6","58","94","72.3","13.3","177.0","+108.0"
"70","undefined","","Phillip Lindsay","DEN","RB28","10","66","84","72.5","7.2","55.0","-15.0"
"71","undefined","","Devin Singletary","BUF","RB29","6","55","100","72.8","17.5","97.0","+26.0"
"72","undefined","","Miles Sanders","PHI","RB30","10","59","98","73.0","15.0","72.0","0.0"
"73","undefined","","Latavius Murray","NO","RB31","9","59","80","73.8","8.6","85.0","+12.0"
"74","undefined","","LeSean McCoy","KC","RB32","12","47","107","74.0","23.9","101.0","+27.0"
"75","undefined","","Matt Ryan","ATL","QB4","9","56","91","75.8","12.8","61.0","-14.0"
"76","undefined","","Aaron Rodgers","GB","QB5","11","54","110","76.5","23.8","52.0","-24.0"
"77","undefined","","Royce Freeman","DEN","RB33","10","73","89","79.5","5.9","104.0","+27.0"
"78","undefined","","Duke Johnson","HOU","RB34","10","61","115","80.8","20.5","71.0","-7.0"
"79","undefined","","John Brown","BUF","WR34","6","63","101","82.0","13.9","146.0","+67.0"
"80","undefined","","Tom Brady","NE","QB6","10","74","92","82.0","7.0","108.0","+28.0"
"81","undefined","","O.J. Howard","TB","TE7","7","66","124","82.3","24.2","56.0","-25.0"
"82","undefined","","Will Fuller","HOU","WR35","10","75","99","83.5","9.2","81.0","-1.0"
"83","undefined","","Jarvis Landry","CLE","WR36","7","73","103","86.5","12.8","68.0","-15.0"
"84","undefined","","Marquise Brown","BAL","WR37","8","84","89","86.8","1.9","185.0","+101.0"
"85","undefined","","Dak Prescott","DAL","QB7","8","77","95","88.0","7.0","130.0","+45.0"
"86","undefined","","Baker Mayfield","CLE","QB8","7","60","114","88.3","24.4","60.0","-26.0"
"87","undefined","","Curtis Samuel","CAR","WR38","7","72","104","90.5","12.6","95.0","+8.0"
"88","undefined","","David Njoku","CLE","TE8","7","78","127","91.5","20.5","86.0","-2.0"
"89","undefined","","Melvin Gordon","LAC","RB35","12","52","113","92.0","24.7","40.0","-49.0"
"90","undefined","","Delanie Walker","TEN","TE9","11","74","106","92.0","11.5","114.0","+24.0"
"91","undefined","","DeSean Jackson","PHI ","WR39","10","74","102","92.8","11.0","132.0","+41.0"
"92","undefined","","Carson Wentz","PHI","QB9","10","88","100","92.8","5.1","79.0","-13.0"
"93","undefined","","Vance McDonald","PIT","TE10","7","78","113","95.3","12.6","83.0","-10.0"
"94","undefined","","Austin Hooper","ATL","TE11","9","80","126","95.3","18.6","105.0","+11.0"
"95","undefined","","Kyler Murray","ARI","QB10","12","70","116","96.0","16.9","115.0","+20.0"
"96","undefined","","T.J. Hockenson","DET","TE12","5","66","108","96.3","17.5","150.0","+54.0"
"97","undefined","","Jared Goff","LAR","QB11","9","87","107","96.5","7.9","91.0","-6.0"
"98","undefined","","Rashaad Penny","SEA","RB36","11","83","116","96.8","14.3","98.0","0.0"
"99","undefined","","John Ross","CIN","WR40","9","92","102","97.0","3.6","288.0","+189.0"
"100","undefined","","Malcolm Brown","LAR","RB37","9","82","111","98.3","12.6","234.0","+134.0"
"101","undefined","","Kenyan Drake","MIA","RB38","5","89","112","98.3","9.8","75.0","-26.0"
"102","undefined","","Christian Kirk","ARI","WR41","12","75","126","98.5","20.2","96.0","-6.0"
"103","undefined","","Tarik Cohen","CHI","RB39","6","90","122","98.8","13.5","66.0","-37.0"
"104","undefined","","Adrian Peterson","WAS","RB40","10","96","104","99.3","3.1","133.0","+29.0"
"105","undefined","","Sterling Shepard","NYG","WR42","11","85","113","101.3","11.5","82.0","-23.0"
"106","undefined","","Russell Wilson","SEA","QB12","11","82","112","101.5","11.7","88.0","-18.0"
"107","undefined","","Tevin Coleman","SF","RB41","4","84","119","102.0","12.6","63.0","-44.0"
"108","undefined","","Marvin Jones","DET","WR43","5","91","119","105.5","11.8","93.0","-15.0"
"109","undefined","","Chris Thompson","WAS","RB42","10","93","126","107.3","12.2","225.0","+116.0"
"110","undefined","","Josh Allen","BUF","QB13","6","105","110","108.0","1.9","175.0","+65.0"
"111","undefined","","Robby Anderson","NYJ","WR44","4","97","147","112.0","20.4","76.0","-35.0"
"112","undefined","","Terry McLaurin","WAS","WR45","10","85","151","114.5","29.1","345.0","+233.0"
"113","undefined","","Marquez Valdes-Scantling","GB","WR46","11","81","140","115.0","21.4","109.0","-4.0"
"114","undefined","","Peyton Barber","TB","RB43","7","92","143","116.0","18.1","117.0","+3.0"
"115","undefined","","Greg Olsen","CAR","TE13","7","94","133","116.5","17.0","139.0","+24.0"
"116","undefined","","Jamison Crowder","NYJ","WR47","4","103","129","118.3","10.0","140.0","+24.0"
"117","undefined","","D.K. Metcalf","SEA","WR48","11","96","134","119.0","14.5","137.0","+20.0"
"118","undefined","","Philip Rivers","LAC","QB14","12","114","125","119.8","4.4","125.0","+7.0"
"119","undefined","","Cam Newton","CAR","QB15","7","110","131","120.5","8.1","90.0","-29.0"
"120","undefined","","Justin Jackson","LAC","RB44","12","118","130","122.5","4.7","129.0","+9.0"
"121","undefined","","Jared Cook","NO","TE14","9","107","149","123.5","15.6","73.0","-48.0"
"122","undefined","","D.J. Chark","JAC","WR49","10","101","168","124.0","26.3","315.0","+193.0"
"123","undefined","","Jameis Winston","TB","QB16","7","102","157","124.3","20.4","116.0","-7.0"
"124","undefined","","Dede Westbrook","JAC","WR50","10","117","145","125.8","11.3","77.0","-47.0"
"125","undefined","","Corey Davis","TEN","WR51","11","90","179","126.5","35.3","89.0","-36.0"
"126","undefined","","Golden Tate","NYG ","WR52","11","111","139","130.8","11.5","131.0","+5.0"
"127","undefined","","Michael Gallup","DAL ","WR53","8","108","149","133.0","16.6","119.0","-8.0"
"128","undefined","","Geronimo Allison","GB","WR54","11","82","166","135.3","32.0","111.0","-17.0"
"129","undefined","","Frank Gore","BUF","RB45","6","123","144","136.0","8.0","212.0","+83.0"
"130","undefined","","Jimmy Graham","GB","TE15","11","134","144","136.8","4.2","157.0","+27.0"
"131","undefined","","Raheem Mostert","SF","RB46","4","117","165","137.0","19.7","1,043.0","+912.0"
"132","undefined","","Courtland Sutton","DEN","WR55","10","104","156","138.0","21.0","103.0","-29.0"
"133","undefined","","Ronald Jones II","TB","RB47","7","131","155","138.0","9.9","145.0","+12.0"
"134","undefined","","Eric Ebron","IND","TE16","6","129","163","141.3","13.5","92.0","-42.0"
"135","undefined","","Will Dissly","SEA","TE17","11","127","158","144.5","11.4","332.0","+197.0"
"136","undefined","","Kirk Cousins","MIN","QB17","12","115","219","144.8","43.1","141.0","+5.0"
"137","undefined","","Rex Burkhead","NE","RB48","10","128","163","145.0","14.8","258.0","+121.0"
"138","undefined","","Jordan Howard","PHI","RB49","10","121","174","146.0","20.8","94.0","-44.0"
"139","undefined","","Alexander Mattison","MIN","RB50","12","122","181","146.0","21.9","159.0","+20.0"
"140","undefined","","James Washington","PIT","WR56","7","130","159","146.5","11.7","112.0","-28.0"
"141","undefined","","Kalen Ballage","MIA","RB51","5","120","178","148.8","24.3","124.0","-17.0"
"142","undefined","","Jaylen Samuels","PIT","RB52","7","120","174","150.5","20.0","123.0","-19.0"
"143","undefined","","Dion Lewis","TEN","RB53","11","132","169","150.8","13.2","128.0","-15.0"
"144","undefined","","Matthew Stafford","DET","QB18","5","135","163","150.8","10.1","179.0","+35.0"
"145","undefined","","Jimmy Garoppolo","SF","QB19","4","126","172","152.0","16.9","165.0","+20.0"
"146","undefined","","Trey Burton","CHI","TE18","6","139","161","152.0","8.0","143.0","-3.0"
"147","undefined","","Justice Hill","BAL","RB54","8","145","168","156.3","9.2","149.0","+2.0"
"148","undefined","","Giovani Bernard","CIN","RB55","9","137","185","158.0","19.2","198.0","+50.0"
"149","undefined","","Jordan Reed","WAS","TE19","10","138","173","160.8","14.1","163.0","+14.0"
"150","undefined","","Keke Coutee","HOU","WR57","10","124","175","161.0","21.4","148.0","-2.0"
"151","undefined","","Tony Pollard","DAL","RB56","8","148","186","164.0","14.4","121.0","-30.0"
"152","undefined","","Andy Dalton","CIN","QB20","9","113","271","165.3","62.2","226.0","+74.0"
"153","undefined","","Mohamed Sanu","ATL","WR58","9","149","180","165.5","12.9","172.0","+19.0"
"154","undefined","","Mike Davis","CHI","RB57","6","139","177","165.8","15.5","237.0","+83.0"
"155","undefined","","Mecole Hardman","KC","WR59","12","133","194","166.3","21.9","169.0","+14.0"
"156","undefined","","Marquise Goodwin","SF","WR60","4","141","191","166.8","18.5","183.0","+27.0"
"157","undefined","","Ito Smith","ATL","RB58","9","142","199","168.8","20.7","156.0","-1.0"
"158","undefined","","Chris Herndon IV","NYJ ","TE20","4","136","235","169.5","38.7","220.0","+62.0"
"159","undefined","","Tyler Eifert","CIN","TE21","9","140","209","170.3","24.9","211.0","+52.0"
"160","undefined","","Demarcus Robinson","KC","WR61","12","122","254","171.0","50.9","287.0","+127.0"
"161","undefined","","Jamaal Williams","GB","RB59","11","140","227","171.0","34.7","235.0","+74.0"
"162","undefined","","Devante Parker","MIA","WR62","5","155","186","171.3","12.4","232.0","+70.0"
"163","undefined","","Derrius Guice","WAS ","RB60","10","148","192","171.5","16.9","74.0","-89.0"
"164","undefined","","Hunter Henry","LAC ","TE22","12","108","246","172.5","63.0","67.0","-97.0"
"165","undefined","","Nelson Agholor","PHI","WR63","10","148","205","175.3","21.4","239.0","+74.0"
"166","undefined","","Darwin Thompson","KC","RB61","12","158","189","176.3","13.0","160.0","-6.0"
"167","undefined","","Dallas Goedert","PHI","TE23","10","153","216","177.0","24.1","202.0","+35.0"
"168","undefined","","C.J. Anderson","FA","RB62","","123","215","178.3","33.8","197.0","+29.0"
"169","undefined","","Anthony Miller","CHI","WR64","6","139","217","179.5","28.9","134.0","-35.0"
"170","undefined","","Darrell Henderson","LAR","RB63","9","152","192","180.8","16.7","100.0","-70.0"
"171","undefined","","A.J. Brown","TEN","WR65","11","143","233","181.8","32.4","257.0","+86.0"
"172","undefined","","Ted Ginn","NO","WR66","9","152","208","183.5","20.1","210.0","+38.0"
"173","undefined","","Gus Edwards","BAL","RB64","8","121","238","184.5","43.7","273.0","+100.0"
"174","undefined","","Jacoby Brissett","IND","QB21","6","136","165","154.3","13.0","217.0","+43.0"
"175","undefined","","Mason Rudolph","PIT","QB22","7","125","206","156.0","35.7","790.0","+615.0"
"176","undefined","","Chicago (CHI)","","DST1","6","127","250","187.5","54.5","84.0","-92.0"
"177","undefined","","Kyle Rudolph","MIN","TE24","12","142","185","160.3","18.1","152.0","-25.0"
"178","undefined","","Mitch Trubisky","CHI","QB23","6","124","208","160.7","35.1","154.0","-24.0"
"179","undefined","","Danny Amendola","DET","WR67","5","176","203","190.5","9.6","253.0","+74.0"
"180","undefined","","Drew Brees","NO ","QB24","9","128","276","191.0","53.5","80.0","-100.0"
"181","undefined","","Trey Quinn","WAS","WR68","10","180","216","191.8","14.2","278.0","+97.0"
"182","undefined","","Tre'Quan Smith","NO","WR69","9","184","196","192.3","4.8","188.0","+6.0"
"183","undefined","","Noah Fant","DEN","TE25","10","153","246","193.8","33.9","194.0","+11.0"
"184","undefined","","Kenny Stills","HOU","WR70","10","151","226","194.0","28.5","193.0","+9.0"
"185","undefined","","Nyheim Hines","IND","RB65","6","166","216","194.5","18.1","138.0","-47.0"
"186","undefined","","Donte Moncrief","PIT","WR71","7","160","231","197.0","25.2","126.0","-60.0"
"187","undefined","","Derek Carr","OAK","QB25","6","130","275","198.3","57.4","174.0","-13.0"
"188","undefined","","Preston Williams","MIA","WR72","5","178","231","199.5","19.4","274.0","+86.0"
"189","undefined","","Albert Wilson","MIA","WR73","5","181","227","200.3","16.7","204.0","+15.0"
"190","undefined","","Dante Pettis","SF","WR74","4","189","215","201.5","9.6","107.0","-83.0"
"191","undefined","","Greg Zuerlein","LAR","K1","9","153","251","202.3","41.2","120.0","-71.0"
"192","undefined","","Chris Conley","JAC","WR75","10","156","230","203.0","28.9","321.0","+129.0"
"193","undefined","","Jalen Richard","OAK","RB66","6","169","274","204.8","41.5","186.0","-7.0"
"194","undefined","","Sam Darnold","NYJ ","QB26","4","129","220","182.0","38.6","187.0","-7.0"
"195","undefined","","Rashard Higgins","CLE","WR76","7","200","213","207.3","5.1","252.0","+57.0"
"196","undefined","","Randall Cobb","DAL","WR77","8","169","293","211.8","48.5","209.0","+13.0"
"197","undefined","","Paul Richardson","WAS","WR78","10","182","247","209.3","23.6","244.0","+47.0"
"198","undefined","","Darren Sproles","PHI","RB67","10","151","312","217.8","58.7","307.0","+109.0"
"199","undefined","","Ty Montgomery","NYJ","RB68","4","184","237","210.8","21.5","205.0","+6.0"
"200","undefined","","Jacksonville (JAC)","","DST2","10","132","164","148.0","16.0","122.0","-78.0"
"201","undefined","","Minnesota (MIN)","","DST3","12","138","159","148.5","10.5","136.0","-65.0"
"202","undefined","","Deebo Samuel","SF","WR79","4","129","270","191.7","58.6","195.0","-7.0"
"203","undefined","","Ryquell Armstead","JAC","RB69","10","179","241","213.5","25.6","267.0","+64.0"
"204","undefined","","KeeSean Johnson","ARI","WR80","12","185","238","213.8","19.1","310.0","+106.0"
"205","undefined","","New England (NE)","","DST4","10","145","157","151.0","6.0","171.0","-34.0"
"206","undefined","","Cole Beasley","BUF","WR81","6","144","271","194.3","55.1","199.0","-7.0"
"207","undefined","","Jack Doyle","IND","TE26","6","161","227","195.3","27.0","184.0","-23.0"
"208","undefined","","Los Angeles (LAC)","","DST5","12","145","165","155.0","10.0","147.0","-61.0"
"209","undefined","","Parris Campbell","IND","WR82","6","183","242","217.0","22.0","230.0","+21.0"
"210","undefined","","Cleveland (CLE)","","DST6","7","147","166","156.5","9.5","151.0","-59.0"
"211","undefined","","Dare Ogunbowale","TB","RB70","7","168","244","201.7","31.6","260.0","+49.0"
"212","undefined","","Chase Edmonds","ARI","RB71","12","184","217","201.7","13.6","262.0","+50.0"
"213","undefined","","Los Angeles (LAR)","","DST7","9","152","178","165.0","13.0","113.0","-100.0"
"214","undefined","","Phillip Dorsett","NE","WR83","10","181","253","222.3","28.5","250.0","+36.0"
"215","undefined","","Harrison Butker","KC","K2","12","163","183","173.0","10.0","142.0","-73.0"
"216","undefined","","Willie Snead","BAL","WR84","8","175","262","209.0","38.0","280.0","+64.0"
"217","undefined","","Adam Humphries","TEN","WR85","11","189","228","209.0","15.9","180.0","-37.0"
"218","undefined","","Stephen Gostkowski","NE","K3","10","171","179","175.0","4.0","158.0","-60.0"
"219","undefined","","Justin Tucker","BAL","K4","8","159","192","175.5","16.5","127.0","-92.0"
"220","undefined","","Buffalo (BUF)","","DST8","6","146","207","176.5","30.5","207.0","-13.0"
"221","undefined","","Kareem Hunt","CLE ","RB72","7","190","225","211.7","15.5","110.0","-111.0"
"222","undefined","","Jason Witten","DAL","TE27","8","194","232","211.7","15.6","192.0","-30.0"
"223","undefined","","Vernon Davis","WAS","TE28","10","197","236","215.3","16.0","358.0","+135.0"
"224","undefined","","Damien Harris","NE","RB73","10","166","264","216.3","40.1","164.0","-60.0"
"225","undefined","","Baltimore (BAL)","","DST9","8","176","204","190.0","14.0","144.0","-81.0"
"226","undefined","","Michael Crabtree","ARI","WR86","12","206","237","219.7","12.9","325.0","+99.0"
"227","undefined","","Hunter Renfrow","OAK","WR87","6","200","248","220.7","20.2","259.0","+32.0"
"228","undefined","","Wil Lutz","NO","K5","9","181","204","192.5","11.5","155.0","-73.0"
"229","undefined","","DeAndre Washington","OAK","RB74","6","170","247","221.0","36.1","536.0","+307.0"
"230","undefined","","Jordan Wilkins","IND","RB75","6","207","260","235.3","24.4","480.0","+250.0"
"231","undefined","","Geoff Swaim","JAC","TE29","10","205","268","235.5","26.6","360.0","+129.0"
"232","undefined","","Marcus Mariota","TEN","QB27","11","167","277","221.7","44.9","213.0","-19.0"
"233","undefined","","Houston (HOU)","","DST10","10","188","200","194.0","6.0","176.0","-57.0"
"234","undefined","","Travis Benjamin","LAC","WR88","12","207","338","251.3","51.1","320.0","+86.0"
"235","undefined","","Denver (DEN)","","DST11","10","142","248","195.0","53.0","161.0","-74.0"
"236","undefined","","New Orleans (NO)","","DST12","9","179","219","199.0","20.0","166.0","-70.0"
"237","undefined","","DaeSean Hamilton","DEN","WR89","10","202","263","226.3","26.4","216.0","-21.0"
"238","undefined","","Philadelphia (PHI)","","DST13","10","183","225","204.0","21.0","162.0","-76.0"
"239","undefined","","Ka'imi Fairbairn","HOU","K6","10","190","218","204.0","14.0","173.0","-66.0"
"240","undefined","","Cameron Brate","TB","TE30","7","191","270","229.3","32.3","323.0","+83.0"
"241","undefined","","C.J. Uzomah","CIN","TE31","9","183","299","237.0","47.7","337.0","+96.0"
"242","undefined","","Tennessee (TEN)","","DST14","11","207","211","209.0","2.0","219.0","-23.0"
"243","undefined","","Dallas (DAL)","","DST15","8","201","218","209.5","8.5","170.0","-73.0"
"244","undefined","","T.J. Yeldon","BUF","RB76","6","209","256","232.3","19.2","243.0","-1.0"
"245","undefined","","Cody Latimer","NYG","WR90","11","201","341","253.3","62.4","1,031.0","+786.0"
"246","undefined","","Seattle (SEA)","","DST16","11","186","234","210.0","24.0","178.0","-68.0"
"247","undefined","","Mason Crosby","GB","K7","11","198","224","211.0","13.0","206.0","-41.0"
"248","undefined","","Hayden Hurst","BAL","TE32","8","172","329","250.7","64.1","412.0","+164.0"
"249","undefined","","Gerald Everett","LAR","TE33","9","218","260","235.3","17.9","266.0","+17.0"
"250","undefined","","Jake Elliott","PHI","K8","10","202","228","215.0","13.0","201.0","-49.0"
"251","undefined","","Matt Bryant","ATL","K9","9","211","221","216.0","5.0","228.0","-23.0"
"252","undefined","","Mike Gesicki","MIA","TE34","5","203","267","236.7","26.2","251.0","-1.0"
"253","undefined","","Joe Flacco","DEN","QB28","10","202","232","217.0","15.0","223.0","-30.0"
"254","undefined","","Jeff Wilson","SF","RB77","4","158","158","158.0","0.0","661.0","+407.0"
"255","undefined","","Matt Prater","DET","K10","5","215","221","218.0","3.0","214.0","-41.0"
"256","undefined","","Taylor Gabriel","CHI","WR91","6","229","250","239.3","8.6","247.0","-9.0"
"257","undefined","","Dontrell Hilliard","CLE","RB78","7","208","262","242.3","24.4","297.0","+40.0"
"258","undefined","","Zay Jones","BUF","WR92","6","233","255","243.7","9.0","240.0","-18.0"
"259","undefined","","Green Bay (GB)","","DST17","11","213","243","228.0","15.0","218.0","-41.0"
"260","undefined","","Brett Maher","DAL","K11","8","206","251","228.5","22.5","190.0","-70.0"
"261","undefined","","New York (NYJ)","","DST18","4","194","266","230.0","36.0","233.0","-28.0"
"262","undefined","","Tyler Higbee","LAR","TE35","9","222","258","246.0","17.0","330.0","+68.0"
"263","undefined","","Matt LaCosse","NE","TE36","10","195","294","251.3","41.6","289.0","+26.0"
"264","undefined","","Michael Badgley","LAC","K12","12","222","239","230.5","8.5","182.0","-82.0"
"265","undefined","","D'Ernest Johnson","CLE","RB79","7","217","289","250.0","29.7","",""
"266","undefined","","Benny Snell Jr.","PIT","RB80","7","229","266","246.7","15.2","304.0","+38.0"
"267","undefined","","Demaryius Thomas","NYJ","WR93","4","222","241","231.5","9.5","208.0","-59.0"
"268","undefined","","Gardner Minshew","JAC","QB29","10","224","241","232.5","8.5","636.0","+368.0"
"269","undefined","","Andy Isabella","ARI","WR94","12","231","236","233.5","2.5","246.0","-23.0"
"270","undefined","","Diontae Johnson","PIT","WR95","7","189","290","239.5","50.5","422.0","+152.0"
"271","undefined","","Devin Smith","DAL","WR96","8","190","190","190.0","0.0","545.0","+274.0"
"272","undefined","","J.J. Arcega-Whiteside","PHI","WR97","10","201","269","235.0","34.0","261.0","-11.0"
"273","undefined","","Kaare Vedvik","FA","K13","","193","193","193.0","0.0","393.0","+120.0"
"274","undefined","","Robbie Gould","SF","K14","4","219","252","235.5","16.5","181.0","-93.0"
"275","undefined","","Josh Reynolds","LAR","WR98","9","232","240","236.0","4.0","385.0","+110.0"
"276","undefined","","Washington (WAS)","","DST19","10","199","325","262.0","63.0","255.0","-21.0"
"277","undefined","","Jason Myers","SEA","K15","11","233","245","239.0","6.0","200.0","-77.0"
"278","undefined","","Alex Armah","CAR","RB81","7","204","204","204.0","0.0","801.0","+523.0"
"279","undefined","","Brian Hill","ATL","RB82","9","222","280","254.3","24.1","331.0","+52.0"
"280","undefined","","Case Keenum","WAS","QB30","10","231","254","242.5","11.5","318.0","+38.0"
"281","undefined","","Isaiah McKenzie","BUF","WR99","6","209","209","209.0","0.0","470.0","+189.0"
"282","undefined","","David Moore","SEA","WR100","11","226","261","243.5","17.5","285.0","+3.0"
"283","undefined","","Bennie Fowler","NYG","WR101","11","210","210","210.0","0.0","951.0","+668.0"
"284","undefined","","Breshad Perriman","TB","WR102","7","210","324","267.0","57.0","333.0","+49.0"
"285","undefined","","San Francisco (SF)","","DST20","4","230","259","244.5","14.5","222.0","-63.0"
"286","undefined","","TJ Jones","NYG","WR103","11","212","212","212.0","0.0","753.0","+467.0"
"287","undefined","","Devin Funchess","IND ","WR104","6","212","212","212.0","0.0","215.0","-72.0"
"288","undefined","","C.J. Prosise","SEA","RB83","11","213","310","261.5","48.5","555.0","+267.0"
"289","undefined","","Miles Boykin","BAL","WR105","8","217","301","259.0","42.0","270.0","-19.0"
"290","undefined","","Mike Boone","MIN","RB84","12","225","272","248.5","23.5","567.0","+277.0"
"291","undefined","","Atlanta (ATL)","","DST21","9","220","303","261.5","41.5","241.0","-50.0"
"292","undefined","","Wayne Gallman","NYG","RB85","11","221","313","267.0","46.0","291.0","-1.0"
"293","undefined","","Dan Bailey","MIN","K16","12","223","300","261.5","38.5","242.0","-51.0"
"294","undefined","","Damiere Byrd","ARI","WR106","12","223","316","269.5","46.5","858.0","+564.0"
"295","undefined","","Daniel Jones","NYG","QB31","11","223","328","275.5","52.5","254.0","-41.0"
"296","undefined","","Blake Jarwin","DAL","TE37","8","225","305","265.0","40.0","327.0","+31.0"
"297","undefined","","James O'Shaughnessy","JAC","TE38","10","226","226","226.0","0.0","432.0","+135.0"
"298","undefined","","Dawson Knox","BUF","TE39","6","228","291","259.5","31.5","1,045.0","+747.0"
"299","undefined","","Damion Willis","CIN","WR107","9","230","311","270.5","40.5","348.0","+49.0"
"300","undefined","","Carolina (CAR)","","DST22","7","234","314","274.0","40.0","229.0","-71.0"
"301","undefined","","Ryan Switzer","PIT","WR108","7","234","342","288.0","54.0","735.0","+434.0"
"302","undefined","","Devontae Booker","DEN","RB86","10","235","235","235.0","0.0","426.0","+124.0"
"303","undefined","","Kansas City (KC)","","DST23","12","250","264","257.0","7.0","189.0","-114.0"
"304","undefined","","Ameer Abdullah","MIN","RB87","12","237","237","237.0","0.0","403.0","+99.0"
"305","undefined","","Corey Clement","PHI","RB88","10","238","238","238.0","0.0","430.0","+125.0"
"306","undefined","","Jaron Brown","SEA","WR109","11","239","374","306.5","67.5","428.0","+122.0"
"307","undefined","","Bilal Powell","NYJ","RB89","4","240","240","240.0","0.0","431.0","+124.0"
"308","undefined","","Elijah McGuire","CLE","RB90","7","242","242","242.0","0.0","733.0","+425.0"
"309","undefined","","Pittsburgh (PIT)","","DST24","7","242","317","279.5","37.5","191.0","-118.0"
"310","undefined","","Dexter Williams","GB","RB91","11","243","283","263.0","20.0","347.0","+37.0"
"311","undefined","","Theo Riddick","DEN ","RB92","10","245","296","270.5","25.5","349.0","+38.0"
"312","undefined","","John Kelly","LAR","RB93","9","247","277","262.0","15.0","624.0","+312.0"
"313","undefined","","Benjamin Watson","NE ","TE40","10","252","273","262.5","10.5","248.0","-65.0"
"314","undefined","","Mike Weber","DAL","RB94","8","248","248","248.0","0.0","628.0","+314.0"
"315","undefined","","Damarea Crockett","OAK","RB95","6","249","249","249.0","0.0","390.0","+75.0"
"316","undefined","","Joey Slye","CAR","K17","7","249","249","249.0","0.0","293.0","-23.0"
"317","undefined","","Marqise Lee","JAC","WR110","10","249","295","272.0","23.0","249.0","-68.0"
"318","undefined","","Daniel Carlson","OAK","K18","6","253","253","253.0","0.0","336.0","+18.0"
"319","undefined","","Jalen Hurd","SF","WR111","4","256","335","295.5","39.5","263.0","-56.0"
"320","undefined","","Indianapolis (IND)","","DST25","6","257","307","282.0","25.0","224.0","-96.0"
"321","undefined","","Detroit (DET)","","DST26","5","263","278","270.5","7.5","256.0","-65.0"
"322","undefined","","Deon Cain","IND","WR112","6","265","265","265.0","0.0","401.0","+79.0"
"323","undefined","","Arizona (ARI)","","DST27","12","267","337","302.0","35.0","299.0","-24.0"
"324","undefined","","Jake Kumerow","GB","WR113","11","268","268","268.0","0.0","339.0","+15.0"
"325","undefined","","Oakland (OAK)","","DST28","6","269","339","304.0","35.0","283.0","-42.0"
"326","undefined","","New York (NYG)","","DST29","11","272","320","296.0","24.0","275.0","-51.0"
"327","undefined","","Miami (MIA)","","DST30","5","273","273","273.0","0.0","284.0","-43.0"
"328","undefined","","Cincinnati (CIN)","","DST31","9","274","347","310.5","36.5","324.0","-4.0"
"329","undefined","","Eli Manning","NYG","QB32","11","275","275","275.0","0.0","245.0","-84.0"
"330","undefined","","Dustin Hopkins","WAS","K19","10","276","276","276.0","0.0","290.0","-40.0"
"331","undefined","","Tampa Bay (TB)","","DST32","7","279","279","279.0","0.0","306.0","-25.0"
"332","undefined","","Randy Bullock","CIN","K20","9","281","281","281.0","0.0","474.0","+142.0"
"333","undefined","","Irv Smith Jr.","MIN","TE41","12","282","282","282.0","0.0","272.0","-61.0"
"334","undefined","","Ryan Fitzpatrick","MIA","QB33","5","284","284","284.0","0.0","282.0","-52.0"
"335","undefined","","Allen Hurns","MIA","WR114","5","285","285","285.0","0.0","1,035.0","+700.0"
"336","undefined","","Robert Foster","BUF","WR115","6","286","286","286.0","0.0","292.0","-44.0"
"337","undefined","","Austin Seibert","CLE","K21","7","287","287","287.0","0.0","303.0","-34.0"
"338","undefined","","Aldrick Rosas","NYG","K22","11","288","288","288.0","0.0","221.0","-117.0"
"339","undefined","","Brandon McManus","DEN","K23","10","292","292","292.0","0.0","231.0","-108.0"
"340","undefined","","Tim Patrick","DEN ","WR116","10","297","297","297.0","0.0","487.0","+147.0"
"341","undefined","","Chris Moore","BAL","WR117","8","298","298","298.0","0.0","328.0","-13.0"
"342","undefined","","Eddy Pineiro","CHI","K24","6","302","302","302.0","0.0","277.0","-65.0"
"343","undefined","","Jakobi Meyers","NE","WR118","10","304","304","304.0","0.0","276.0","-67.0"
"344","undefined","","Chris Hogan","CAR","WR119","7","306","306","306.0","0.0","300.0","-44.0"
"345","undefined","","Josh Lambo","JAC","K25","10","308","308","308.0","0.0","271.0","-74.0"
"346","undefined","","Adam Vinatieri","IND","K26","6","309","309","309.0","0.0","203.0","-143.0"
"347","undefined","","Keith Kirkwood","NO ","WR120","9","315","315","315.0","0.0","602.0","+255.0"
"348","undefined","","Nick O'Leary","MIA","TE42","5","318","318","318.0","0.0","583.0","+235.0"
"349","undefined","","Josh Rosen","MIA","QB34","5","319","319","319.0","0.0","309.0","-40.0"
"350","undefined","","Zane Gonzalez","ARI","K27","12","321","321","321.0","0.0","308.0","-42.0"
"351","undefined","","Josh Oliver","JAC","TE43","10","322","322","322.0","0.0","559.0","+208.0"
"352","undefined","","Jason Sanders","MIA","K28","5","323","323","323.0","0.0","295.0","-57.0"
"353","undefined","","Carlos Martinez","DAL","K29","8","326","326","326.0","0.0","",""
"354","undefined","","Antonio Callaway","CLE ","WR121","7","327","327","327.0","0.0","279.0","-75.0"
"355","undefined","","Dwayne Haskins","WAS","QB35","10","330","330","330.0","0.0","265.0","-90.0"
"356","undefined","","Steven Hauschka","BUF","K30","6","331","331","331.0","0.0","238.0","-118.0"
"357","undefined","","Keelan Cole","JAC","WR122","10","332","332","332.0","0.0","451.0","+94.0"
"358","undefined","","Ian Thomas","CAR","TE44","7","333","333","333.0","0.0","281.0","-77.0"
"359","undefined","","Matt Gay","TB","K31","7","334","334","334.0","0.0","296.0","-63.0"
"360","undefined","","Jordan Thomas","HOU ","TE45","10","336","336","336.0","0.0","314.0","-46.0"
"361","undefined","","Jonnu Smith","TEN","TE46","11","340","340","340.0","0.0","369.0","+8.0"
"362","undefined","","Ricky Seals-Jones","CLE","TE47","7","343","343","343.0","0.0","340.0","-22.0"
"363","undefined","","Charles Clay","ARI","TE48","12","344","344","344.0","0.0","547.0","+184.0"
"364","undefined","","Chris Boswell","PIT","K32","7","345","345","345.0","0.0","227.0","-137.0"
"365","undefined","","Nick Vannett","SEA","TE49","11","346","346","346.0","0.0","387.0","+22.0"
"366","undefined","","Josh Hill","NO","TE50","9","348","348","348.0","0.0","366.0","0.0"
"367","undefined","","Nick Foles","JAC ","QB36","10","349","349","349.0","0.0","196.0","-171.0"
"368","undefined","","Jake Butt","DEN ","TE51","10","350","350","350.0","0.0","376.0","+8.0"
"369","undefined","","Kendrick Bourne","SF","WR123","4","351","351","351.0","0.0","441.0","+72.0"
"370","undefined","","Adam Shaheen","CHI","TE52","6","352","352","352.0","0.0","473.0","+103.0"
"371","undefined","","Teddy Bridgewater","NO","QB37","9","353","353","353.0","0.0","498.0","+127.0"
"372","undefined","","N'Keal Harry","NE ","WR124","10","354","354","354.0","0.0","168.0","-204.0"
"373","undefined","","Cordarrelle Patterson","CHI","WR125","6","355","355","355.0","0.0","329.0","-44.0"
"374","undefined","","Jace Sternberger","GB ","TE53","11","356","356","356.0","0.0","410.0","+36.0"
"375","undefined","","Dez Bryant","FA","WR126","","357","357","357.0","0.0","286.0","-89.0"
"376","undefined","","Jakeem Grant","MIA","WR127","5","358","358","358.0","0.0","338.0","-38.0"
"377","undefined","","Jesse James","DET","TE54","5","359","359","359.0","0.0","298.0","-79.0"
"378","undefined","","Trent Taylor","SF","WR128","4","360","360","360.0","0.0","1,046.0","+668.0"
"379","undefined","","Tyler Kroft","BUF","TE55","6","361","361","361.0","0.0","1,033.0","+654.0"
"380","undefined","","Gary Jennings","SEA","WR129","11","362","362","362.0","0.0","1,037.0","+657.0"
"381","undefined","","Trent Sherfield","ARI","WR130","12","363","363","363.0","0.0","772.0","+391.0"
"382","undefined","","Taywan Taylor","CLE","WR131","7","364","364","364.0","0.0","415.0","+33.0"
"383","undefined","","Dan Arnold","NO","TE56","9","365","365","365.0","0.0","626.0","+243.0"
"384","undefined","","Chad Beebe","MIN","WR132","12","366","366","366.0","0.0","421.0","+37.0"
"385","undefined","","Justin Watson","TB","WR133","7","367","367","367.0","0.0","582.0","+197.0"
"386","undefined","","Ryan Tannehill","TEN","QB38","11","368","368","368.0","0.0","494.0","+108.0"
"387","undefined","","Taysom Hill","NO","QB39","9","369","369","369.0","0.0","301.0","-86.0"
"388","undefined","","Kahale Warring","HOU ","TE57","10","370","370","370.0","0.0","890.0","+502.0"
"389","undefined","","Austin Carr","NO","WR134","9","371","371","371.0","0.0","525.0","+136.0"
"390","undefined","","Mo Alie-Cox","IND","TE58","6","372","372","372.0","0.0","700.0","+310.0"
"391","undefined","","Jordan Akins","HOU","TE59","10","373","373","373.0","0.0","1,002.0","+611.0"
"392","undefined","","Nick Mullens","SF","QB40","4","375","375","375.0","0.0","1,041.0","+649.0"
""
""